{
  "greeting": "wesh",
  "name": "chacalciiito",
  "greetingText": "(Marius)",
  "wishText": "glii quarter life crisis und marathon mache!",
  "imagePath": "img/marius1.jpeg",
  "text1": "Alles Gueti Bruder!!! :D",
  "textInChatBox": "Alles Gueti!! Whuu! Wünsche viel gsundheit blah...",
  "sendButtonLabel": "Send",
  "text2": "Dasch wasi eig. han welle mache",
  "text3": "Aber ich so wart",
  "text4": "e legende het geburi",
  "text4Adjective": "en chacal",
  "text5Entry": "da muss was anders ane",
  "text5Content": "bisch en geile siech",
  "smiley": "",
  "bigTextPart1": "<",
  "bigTextPart2": "3",
  "wishHeading": "Happy Birthday!",
  "outroText": "aber weisch fürd schuel würdi natürlich nie so eppis mache",
  "replayText": "egal hauptsach gli wieder Toni season",
  "outroSmiley": "<33"
}
